ID,Parameter,Gloss,Group,Concepticon_ID,Concepticon_Gloss,Dataset
BornSameDay,BornSameDay,Born on the Same Day,,,,parabank
FMZD,FMZD,father's mother's sister's daughter,,,,parabank
HB,HB,husband's brother,Affines,,,parabank
HZ,HZ,husband's sister,Affines,,,parabank
HusbandsSameGroup,HusbandsSameGroup,Husbands Same Group,,,,parabank
WB,WB,wife's brother,Affines,,,parabank
WZ,WZ,wife's sister,Affines,,,parabank
WifesSameGroup,WifesSameGroup,Wifes Same Group,Affines,,,parabank
fBW,fBW,female ego's brother's wife,Affines,,,varikin;parabank
fD,fD,female ego's daughter,children,,,varikin;parabank
fDD,fDD,female ego's daugher's daughter,Grandparents & -children,,,varikin;parabank
fDH,fDH,female ego's daughter's husband,Affines,2266,SON-IN-LAW (OF WOMAN),varikin;parabank
fDS,fDS,female ego's daughter's son,Grandparents & -children,,,varikin;parabank
fF,fF,female ego's father,Parents,,,varikin;parabank
fFBD,fFBD,female ego's father's brother's daughter,Cousins,,,varikin;parabank
fFBS,fFBS,female ego's father's brother's son,Cousins,,,varikin;parabank
fFBeD,fFBeD,female ego‘s father‘s brother‘s older daughter,Cousins by relative age of cousin to ego,,,varikin;parabank
fFBeS,fFBeS,female ego‘s father‘s brother‘s older son,Cousins by relative age of cousin to ego,,,varikin;parabank
fFByD,fFByD,female ego‘s father‘s brother‘s younger daughter,Cousins by relative age of cousin to ego,,,varikin;parabank
fFByS,fFByS,female ego‘s father‘s brother‘s younger son,Cousins by relative age of cousin to ego,,,varikin;parabank
fFF,fFF,female ego's father's father,Grandparents & -children,,,varikin;parabank
fFFF,fFFF,female ego's father's father's father,Grandparents & -children,,,varikin;parabank
fFFM,fFFM,female ego's father's father's mother,Grandparents & -children,,,varikin;parabank
fFM,fFM,female ego's father's mother,Grandparents & -children,,,varikin;parabank
fFMF,fFMF,female ego's father's mother's father,Grandparents & -children,,,varikin;parabank
fFMM,fFMM,female ego's father's mother's mother,Grandparents & -children,,,parabank
fFZD,fFZD,female ego's father's sister's daughter,Cousins,,,varikin;parabank
fFZS,fFZS,female ego's father's sister's son,Cousins,,,varikin;parabank
fFZeD,fFZeD,female ego‘s father‘s sisters‘s older daughter,Cousins by relative age of cousin to ego,,,varikin;parabank
fFZeS,fFZeS,female ego‘s father‘s sisters‘s older son,Cousins by relative age of cousin to ego,,,varikin;parabank
fFZyD,fFZyD,female ego‘s father‘s sisters‘s younger daughter,Cousins by relative age of cousin to ego,,,varikin;parabank
fFZyS,fFZyS,female ego‘s father‘s sisters‘s younger son,Cousins by relative age of cousin to ego,,,varikin;parabank
fFeB,fFeB,female ego's father's older brother,Uncles & Aunts,,,varikin;parabank
fFeBD,fFeBD,female ego's father‘s older brother‘s daughter,Cousins by relative age of parent,,,varikin;parabank
fFeBS,fFeBS,female ego's father‘s older brother‘s son,Cousins by relative age of parent,,,varikin;parabank
fFeBW,fFeBW,fFeBW,,,,parabank
fFeZ,fFeZ,female ego's father's older sister,Uncles & Aunts,,,varikin;parabank
fFeZD,fFeZD,female ego's father‘s older sister‘s daughter,Cousins by relative age of parent,,,varikin;parabank
fFeZS,fFeZS,female ego's father‘s older sister‘s son,Cousins by relative age of parent,,,varikin;parabank
fFexchangeZ,fFexchangeZ,fFexchangeZ,,,,parabank
fFexchangeZD,fFexchangeZD,fFexchangeZD,,,,parabank
fFexchangeZS,fFexchangeZS,fFexchangeZS,,,,parabank
fFyB,fFyB,female ego's father's younger brother,Uncles & Aunts,,,varikin;parabank
fFyBD,fFyBD,female ego‘s father‘s younger brother‘s daughter,Cousins by relative age of parent,,,varikin;parabank
fFyBS,fFyBS,female ego‘s father‘s younger brother‘s son,Cousins by relative age of parent,,,varikin;parabank
fFyZ,fFyZ,female ego's father's younger sister,Uncles & Aunts,,,varikin;parabank
fFyZD,fFyZD,female ego‘s father‘s younger sister‘s daughter,Cousins by relative age of parent,,,varikin;parabank
fFyZS,fFyZS,female ego‘s father‘s younger sister‘s son,Cousins by relative age of parent,,,varikin;parabank
fH,fH,female ego‘s husband,Affines,1200,HUSBAND,varikin;parabank
fHB,fHB,female ego's husband's brother,Affines,,,varikin;parabank
fHBW,fHBW,female ego's husband's brother's wife,Affines,,,parabank
fHF,fHF,female ego's husband's father,Affines,2254,FATHER-IN-LAW (OF WOMAN),varikin;parabank
fHM,fHM,female ego's husband's mother,Affines,2256,MOTHER-IN-LAW (OF WOMAN),varikin;parabank
fHW,fHW,female ego's husband's wife,Affines,,,varikin;parabank
fHZ,fHZ,female ego's husband's sister,Affines,,,varikin;parabank
fHZH,fHZH,female ego's husband's sister's husband,Affines,,,varikin;parabank
fM,fM,female ego's mother,Parents,,,varikin;parabank
fMBD,fMBD,female ego's mother's brother's daughter,Cousins,,,varikin;parabank
fMBS,fMBS,female ego's mother's brother's son,Cousins,,,varikin;parabank
fMBeD,fMBeD,female ego‘s mother‘s brother‘s older daughter,Cousins by relative age of cousin to ego,,,varikin;parabank
fMBeS,fMBeS,female ego‘s mother‘s brother‘s older son,Cousins by relative age of cousin to ego,,,varikin;parabank
fMByD,fMByD,female ego‘s mother‘s brother‘s younger daughter,Cousins by relative age of cousin to ego,,,varikin;parabank
fMByS,fMByS,female ego‘s mother‘s brother‘s younger son,Cousins by relative age of cousin to ego,,,varikin;parabank
fMF,fMF,female ego's mother's father,Grandparents & -children,,,varikin;parabank
fMFF,fMFF,female ego's mother's father's father,Grandparents & -children,,,varikin;parabank
fMFM,fMFM,female ego's mother's father's mother,Grandparents & -children,,,parabank
fMM,fMM,female ego's mother's mother,Grandparents & -children,,,varikin;parabank
fMMF,fMMF,female ego's mother's mother's father,Grandparents & -children,,,varikin;parabank
fMMM,fMMM,female ego's mother's mother's mother,Grandparents & -children,,,parabank
fMZD,fMZD,female ego's mother's sister's daughter,Cousins,,,varikin;parabank
fMZS,fMZS,female ego's mother's sister's son,Cousins,,,varikin;parabank
fMZeD,fMZeD,female ego‘s mother‘s sisters‘s older daughter,Cousins by relative age of cousin to ego,,,varikin;parabank
fMZeS,fMZeS,female ego‘s mother‘s sisters‘s older son,Cousins by relative age of cousin to ego,,,varikin;parabank
fMZyD,fMZyD,female ego‘s mother‘s sisters‘s younger daughter,Cousins by relative age of cousin to ego,,,varikin;parabank
fMZyS,fMZyS,female ego‘s mother‘s sisters‘s younger son,Cousins by relative age of cousin to ego,,,varikin;parabank
fMeB,fMeB,female ego's mother's older brother,Uncles & Aunts,,,varikin;parabank
fMeBD,fMeBD,female ego's mother‘s older brother‘s daughter,Cousins by relative age of parent,,,varikin;parabank
fMeBS,fMeBS,female ego's mother‘s older brother‘s son,Cousins by relative age of parent,,,varikin;parabank
fMeZ,fMeZ,female ego's mother's older sister,Uncles & Aunts,,,varikin;parabank
fMeZD,fMeZD,female ego's mother‘s older sister‘s daughter,Cousins by relative age of parent,,,varikin;parabank
fMeZS,fMeZS,female ego's mother‘s older sister‘s son,Cousins by relative age of parent,,,varikin;parabank
fMexchangeB,fMexchangeB,fMexchangeB,,,,parabank
fMyB,fMyB,female ego's mother's younger brother,Uncles & Aunts,,,varikin;parabank
fMyBD,fMyBD,female ego‘s mother‘s younger brother‘s daughter,Cousins by relative age of parent,,,varikin;parabank
fMyBS,fMyBS,female ego‘s mother‘s younger brother‘s son,Cousins by relative age of parent,,,varikin;parabank
fMyZ,fMyZ,female ego's mother's younger sister,Uncles & Aunts,,,varikin;parabank
fMyZD,fMyZD,female ego‘s mother‘s younger sister‘s daughter,Cousins by relative age of parent,,,varikin;parabank
fMyZS,fMyZS,female ego‘s mother‘s younger sister‘s son,Cousins by relative age of parent,,,varikin;parabank
fS,fS,female ego's son,children,,,varikin;parabank
fSD,fSD,female ego's son's daughter,Grandparents & -children,,,varikin;parabank
fSS,fSS,female ego's son's son,Grandparents & -children,,,varikin;parabank
fSW,fSW,female ego's son's wife,Affines,2264,DAUGHTER-IN-LAW (OF WOMAN),varikin;parabank
fZH,fZH,female ego's sister's husband,Affines,,,varikin;parabank
feB,feB,female ego's older brother,Siblings,2415,OLDER BROTHER (OF WOMAN),varikin;parabank
feBD,feBD,female ego's older brother's daughter,Nieces & Nephews,,,varikin;parabank
feBS,feBS,female ego's older brother's son,Nieces & Nephews,,,varikin;parabank
feZ,feZ,female ego's older sister,Siblings,2419,OLDER SISTER (OF WOMAN),varikin;parabank
feZD,feZD,female ego's older sister's daughter,Nieces & Nephews,,,varikin;parabank
feZS,feZS,female ego's older sister's son,Nieces & Nephews,,,varikin;parabank
fexchangeB,fexchangeB,fexchangeB,,,,parabank
fexchangeBW,fexchangeBW,fexchangeBW,,,,parabank
fyB,fyB,female ego's younger brother,Siblings,2417,YOUNGER BROTHER (OF WOMAN),varikin;parabank
fyBD,fyBD,female ego's younger brother's daughter,Nieces & Nephews,,,varikin;parabank
fyBS,fyBS,female ego's younger brother's son,Nieces & Nephews,,,varikin;parabank
fyZ,fyZ,female ego's younger sister,Siblings,2421,YOUNGER SISTER (OF WOMAN),varikin;parabank
fyZD,fyZD,female ego's younger sister's daughter,Nieces & Nephews,,,varikin;parabank
fyZS,fyZS,female ego's younger sister's son,Nieces & Nephews,,,varikin;parabank
mBW,mBW,male ego's brother's wife,Affines,,,varikin;parabank
mD,mD,male ego's daughter,children,,,varikin;parabank
mDD,mDD,male ego's daughter's daughter,Grandparents & -children,,,varikin;parabank
mDH,mDH,male ego's daughter's husband,Affines,2267,SON-IN-LAW (OF MAN),varikin;parabank
mDS,mDS,male ego's daughter's son,Grandparents & -children,,,varikin;parabank
mF,mF,male ego's father,Parents,,,varikin;parabank
mFBD,mFBD,male ego's father's brother's daughter,Cousins,,,varikin;parabank
mFBS,mFBS,male ego's father's brother's son,Cousins,,,varikin;parabank
mFBeD,mFBeD,male ego‘s father‘s brother‘s older daughter,Cousins by relative age of cousin to ego,,,varikin;parabank
mFBeS,mFBeS,male ego‘s father‘s brother‘s older son,Cousins by relative age of cousin to ego,,,varikin;parabank
mFByD,mFByD,male ego‘s father‘s brother‘s younger daughter,Cousins by relative age of cousin to ego,,,varikin;parabank
mFByS,mFByS,male ego‘s father‘s brother‘s younger son,Cousins by relative age of cousin to ego,,,varikin;parabank
mFF,mFF,male ego's father‘s father,Grandparents & -children,,,varikin;parabank
mFFF,mFFF,male ego's father‘s father's father,Grandparents & -children,,,varikin;parabank
mFFFF,mFFFF,male ego's father‘s father's father's father,Grandparents & -children,,,parabank
mFFM,mFFM,male ego's father‘s father's mother,Grandparents & -children,,,varikin;parabank
mFM,mFM,male ego's father's mother,Grandparents & -children,,,varikin;parabank
mFMF,mFMF,male ego's father‘s mother's father,Grandparents & -children,,,varikin;parabank
mFMM,mFMM,male ego's father‘s mother's mother,Grandparents & -children,,,parabank
mFZD,mFZD,male ego's father's sister's daughter,Cousins,,,varikin;parabank
mFZS,mFZS,male ego's father's sister's son,Cousins,,,varikin;parabank
mFZeD,mFZeD,male ego‘s father‘s sisters‘s older daughter,Cousins by relative age of cousin to ego,,,varikin;parabank
mFZeS,mFZeS,male ego‘s father‘s sisters‘s older son,Cousins by relative age of cousin to ego,,,varikin;parabank
mFZyD,mFZyD,male ego‘s father‘s sisters‘s younger daughter,Cousins by relative age of cousin to ego,,,varikin;parabank
mFZyS,mFZyS,male ego‘s father‘s sisters‘s younger son,Cousins by relative age of cousin to ego,,,varikin;parabank
mFeB,mFeB,male ego's father's older brother,Uncles & Aunts,,,varikin;parabank
mFeBD,mFeBD,male ego's father‘s older brother‘s daughter,Cousins by relative age of parent,,,varikin;parabank
mFeBS,mFeBS,male ego's father‘s older brother‘s son,Cousins by relative age of parent,,,varikin;parabank
mFeBW,mFeBW,male ego's father‘s older brother‘s wife,Affines,,,parabank
mFeZ,mFeZ,male ego's father's older sister,Uncles & Aunts,,,varikin;parabank
mFeZD,mFeZD,male ego's father‘s older sister‘s daughter,Cousins by relative age of parent,,,varikin;parabank
mFeZS,mFeZS,male ego's father‘s older sister‘s son,Cousins by relative age of parent,,,varikin;parabank
mFexchangeZ,mFexchangeZ,mFexchangeZ,,,,parabank
mFexchangeZD,mFexchangeZD,mFexchangeZD,,,,parabank
mFexchangeZS,mFexchangeZS,mFexchangeZS,,,,parabank
mFyB,mFyB,male ego's father's younger brother,Uncles & Aunts,,,varikin;parabank
mFyBD,mFyBD,male ego‘s father‘s younger brother‘s daughter,Cousins by relative age of parent,,,varikin;parabank
mFyBS,mFyBS,male ego‘s father‘s younger brother‘s son,Cousins by relative age of parent,,,varikin;parabank
mFyZ,mFyZ,male ego's father's younger sister,Uncles & Aunts,,,varikin;parabank
mFyZD,mFyZD,male ego‘s father‘s younger sister‘s daughter,Cousins by relative age of parent,,,varikin;parabank
mFyZS,mFyZS,male ego‘s father‘s younger sister‘s son,Cousins by relative age of parent,,,varikin;parabank
mM,mM,male ego's mother,Parents,,,varikin;parabank
mMBD,mMBD,male ego's mother's brother's daughter,Cousins,,,varikin;parabank
mMBS,mMBS,male ego's mother's brother's son,Cousins,,,varikin;parabank
mMBeD,mMBeD,male ego‘s mother‘s brother‘s older daughter,Cousins by relative age of cousin to ego,,,varikin;parabank
mMBeS,mMBeS,male ego‘s mother‘s brother‘s older son,Cousins by relative age of cousin to ego,,,varikin;parabank
mMByD,mMByD,male ego‘s mother‘s brother‘s younger daughter,Cousins by relative age of cousin to ego,,,varikin;parabank
mMByS,mMByS,male ego‘s mother‘s brother‘s younger son,Cousins by relative age of cousin to ego,,,varikin;parabank
mMF,mMF,male ego's mother's father,Grandparents & -children,,,varikin;parabank
mMFF,mMFF,male ego's mother's father's father,Grandparents & -children,,,varikin;parabank
mMFM,mMFM,male ego's mother's father's mother,Grandparents & -children,,,parabank
mMM,mMM,male ego's mother's mother,Grandparents & -children,,,varikin;parabank
mMMF,mMMF,male ego's mother's mother's father,Grandparents & -children,,,varikin;parabank
mMMM,mMMM,male ego's mother's mother's mother,Grandparents & -children,,,parabank
mMZD,mMZD,male ego's mother's sister's daughter,Cousins,,,varikin;parabank
mMZS,mMZS,male ego's mother's sister's son,Cousins,,,varikin;parabank
mMZeD,mMZeD,male ego‘s mother‘s sisters‘s older daughter,Cousins by relative age of cousin to ego,,,varikin;parabank
mMZeS,mMZeS,male ego‘s mother‘s sisters‘s older son,Cousins by relative age of cousin to ego,,,varikin;parabank
mMZyD,mMZyD,male ego‘s mother‘s sisters‘s younger daughter,Cousins by relative age of cousin to ego,,,varikin;parabank
mMZyS,mMZyS,male ego‘s mother‘s sisters‘s younger son,Cousins by relative age of cousin to ego,,,varikin;parabank
mMeB,mMeB,male ego's mother's older brother,Uncles & Aunts,,,varikin;parabank
mMeBD,mMeBD,male ego's mother‘s older brother‘s daughter,Cousins by relative age of parent,,,varikin;parabank
mMeBS,mMeBS,male ego's mother‘s older brother‘s son,Cousins by relative age of parent,,,varikin;parabank
mMeZ,mMeZ,male ego's mother's older sister,Uncles & Aunts,,,varikin;parabank
mMeZD,mMeZD,male ego's mother‘s older sister‘s daughter,Cousins by relative age of parent,,,varikin;parabank
mMeZS,mMeZS,male ego's mother‘s older sister‘s son,Cousins by relative age of parent,,,varikin;parabank
mMexchangeB,mMexchangeB,mMexchangeB,,,,parabank
mMyB,mMyB,male ego's mother's younger brother,Uncles & Aunts,,,varikin;parabank
mMyBD,mMyBD,male ego‘s mother‘s younger brother‘s daughter,Cousins by relative age of parent,,,varikin;parabank
mMyBS,mMyBS,male ego‘s mother‘s younger brother‘s son,Cousins by relative age of parent,,,varikin;parabank
mMyZ,mMyZ,male ego's mother's younger sister,Uncles & Aunts,,,varikin;parabank
mMyZD,mMyZD,male ego‘s mother‘s younger sister‘s daughter,Cousins by relative age of parent,,,varikin;parabank
mMyZS,mMyZS,male ego‘s mother‘s younger sister‘s son,Cousins by relative age of parent,,,varikin;parabank
mS,mS,male ego's son,Children,,,varikin;parabank
mSD,mSD,male ego's son's daughter,Grandparents & -children,,,varikin;parabank
mSS,mSS,male ego's son's son,Grandparents & -children,,,varikin;parabank
mSSS,mSSS,male ego's son's son's son,Grandparents & -children,,,parabank
mSSSS,mSSSS,male ego's son's son's son's son,Grandparents & -children,,,parabank
mSW,mSW,male ego's son's wife,Affines,2265,DAUGHTER-IN-LAW (OF MAN),varikin;parabank
mW,mW,male ego's wife,Affines,1199,WIFE,varikin;parabank
mWB,mWB,male ego's wife's brother,Affines,2380,BROTHER-IN-LAW (OF MAN),varikin;parabank
mWBW,mWBW,male ego's wife's brother's wife,Affines,,,varikin;parabank
mWF,mWF,male ego's wife's father,Affines,2255,FATHER-IN-LAW (OF MAN),varikin;parabank
mWM,mWM,male ego's wife's mother,Affines,2257,MOTHER-IN-LAW (OF MAN),varikin;parabank
mWZ,mWZ,male ego's wife's sister,Affines,,,varikin;parabank
mWZH,mWZH,male ego's wife's sister's husband,Affines,,,varikin;parabank
mZH,mZH,male ego's sister's husband,Affines,,,varikin;parabank
meB,meB,male ego's older brother,Siblings,2414,OLDER BROTHER (OF MAN),varikin;parabank
meBD,meBD,male ego's older brother's daughter,Nieces & Nephews,,,varikin;parabank
meBS,meBS,male ego's older brother's son,Nieces & Nephews,,,varikin;parabank
meZ,meZ,male ego's older sister,Siblings,2418,OLDER SISTER (OF MAN),varikin;parabank
meZD,meZD,male ego's older sister's daughter,Nieces & Nephews,,,varikin;parabank
meZS,meZS,male ego's older sister's son,Nieces & Nephews,,,varikin;parabank
mexchangeZ,mexchangeZ,mexchangeZ,,,,parabank
mexchangeZH,mexchangeZH,mexchangeZH,,,,parabank
myB,myB,male ego's younger brother,Siblings,2416,YOUNGER BROTHER (OF MAN),varikin;parabank
myBD,myBD,male ego's younger brother's daughter,Nieces & Nephews,,,varikin;parabank
myBS,myBS,male ego's younger brother's son,Nieces & Nephews,,,varikin;parabank
myZ,myZ,male ego's younger sister,Siblings,2420,YOUNGER SISTER (OF MAN),varikin;parabank
myZD,myZD,male ego's younger sister's daughter,Nieces & Nephews,,,varikin;parabank
myZS,myZS,male ego's younger sister's son,Nieces & Nephews,,,varikin;parabank
sibling,sibling,Sibling,Siblings,,,parabank
spouse,spouse,Spouse,Affines,,,parabank
f_a_eZD,f(a)eZD,female ego's agnatic elder sister's daughter,Nieces & Nephews,,,varikin
f_a_eZS,f(a)eZS,female ego's agnatic elder sister's son,Nieces & Nephews,,,varikin
f_a_yZD,f(a)yZD,female ego's agnatic younger sister's daughter,Nieces & Nephews,,,varikin
f_a_yZS,f(a)yZS,female ego's agnatic younger sister's son,Nieces & Nephews,,,varikin
f_c_MeZ,f(c)MeZ,female ego's cognatic mother's elder sister,Uncles & Aunts,,,varikin
f_c_MyZ,f(c)MyZ,female ego's cognatic mother's younger sister,Uncles & Aunts,,,varikin
fA,fA,female ego's ancestor,Grandparents & -children,,,varikin
fB,fB,female ego's brother,Siblings,,,varikin
fBCC,fBCC,female ego's brother's child,Nieces & Nephews,,,varikin
fBD,fBD,female ego's brother's daughter,Nieces & Nephews,,,varikin
fBS,fBS,female ego's brother's son,Nieces & Nephews,,,varikin
fC,fC,female ego's child,Children,,,varikin
fCC,fCC,female ego's child's child,Grandparents & -children,,,varikin
fDHF,fDHF,female ego's daughter husband's father,Affines,,,varikin
fDHM,fDHM,female ego's daughter husband's mother,Affines,,,varikin
fE,fE,female ego's spouse,Affines,,,varikin
fFB,fFB,female ego's father's brother,Uncles & Aunts,,,varikin
fFBDD,fFBDD,female ego's father's brother's daughter's daughter,Grandparents & -children,,,varikin
fFBDS,fFBDS,female ego's father's brother's daughter's son,Grandparents & -children,,,varikin
fFBSD,fFBSD,female ego's father's brother's son's daughter,Grandparents & -children,,,varikin
fFBSS,fFBSS,female ego's father's brother's son's son,Grandparents & -children,,,varikin
fFBSW,fFBSW,female ego's father's brother's son's wife,Affines,,,varikin
fFBW,fFBW,female ego's father's brother's wife,Affines,,,varikin
fFFBDyD,fFFBDyD,female ego's father's father's brother's daughter's younger daughter,Grandparents & -children,,,varikin
fFFBDyS,fFFBDyS,female ego's father's father's brother's daughter's younger son,,,,varikin
fFFBSS,fFFBSS,female ego's father's father's brother's son's son,,,,varikin
fFFBSeD,fFFBSeD,female ego's father's father's brother's son's elder daughter,,,,varikin
fFFBSyD,fFFBSyD,female ego's father's father's brother's son's younger daughter,,,,varikin
fFMZDyD,fFMZDyD,female ego's father's mother's sister's daughter's younger daughter,,,,varikin
fFMZDyS,fFMZDyS,female ego's father's mother's sister's daughter's younger son,,,,varikin
fFMZSS,fFMZSS,female ego's father's mother's sister's son's elder daughter,,,,varikin
fFMZSeD,fFMZSeD,female ego's father's mother's sister's son's elder daughter,,,,varikin
fFMZSyD,fFMZSyD,female ego's father's mother's sister's son's younger daughter,,,,varikin
fFW_notM,fFW(notM),female ego's father's wife (not mother),Affines,,,varikin
fFZ,fFZ,female ego's father's sister,Uncles & Aunts,,,varikin
fFZDD,fFZDD,female ego's father's sister's daughter,Cousins,,,varikin
fFZDS,fFZDS,female ego's father's sister's daughter's son,Nieces & Nephews,,,varikin
fFZH,fFZH,female ego's father's sister's husband,Affines,,,varikin
fFZSD,fFZSD,female ego's father's sister's son's daughter,Nieces & Nephews,,,varikin
fFZSS,fFZSS,female ego's father's sister's son,Cousins,,,varikin
fG,fG,female ego's grandparent,Grandparents & -children,,,varikin
fHBD,fHBD,female ego's husband's brother's daughter,Affines,,,varikin
fHBS,fHBS,female ego's husband's brother's son,Affines,,,varikin
fHFBD,fHFBD,female ego's husband's father's brother's daughter,Affines,,,varikin
fHMZ,fHMZ,female ego's husband's mother's sister,Affines,,,varikin
fHMZD,fHMZD,female ego's husband's mother's sister's daughter,Affines,,,varikin
fHeB,fHeB,female ego's husband's elder brother,Affines,,,varikin
fHeBW,fHeBW,female ego's husband's elder brother's wife,Affines,,,varikin
fHyB,fHyB,female ego's husband's younger brother,Affines,,,varikin
fHyBW,fHyBW,female ego's husband's younger brother's wife,Affines,,,varikin
fMB,fMB,female ego's mother's brother,Uncles & Aunts,,,varikin
fMBDD,fMBDD,female ego's mother's brother's daughter,Cousins,,,varikin
fMBDS,fMBDS,female ego's mother's brother's daughter's son,Nieces & Nephews,,,varikin
fMBSD,fMBSD,female ego's mother's brother's son's daughter,Nieces & Nephews,,,varikin
fMBSS,fMBSS,female ego's mother's brother's son,Cousins,,,varikin
fMBW,fMBW,female ego's mother's brother's wife,Affines,,,varikin
fMFBDS,fMFBDS,female ego's mother's father's brother's daughter's son,,,,varikin
fMFBDeD,fMFBDeD,female ego's mother's father's brother's daughter's elder daughter,,,,varikin
fMFBDyD,fMFBDyD,female ego's mother's father's brother's daughter's younger daughter,,,,varikin
fMFBSyS,fMFBSyS,female ego's mother's father's brother's son's younger son,,,,varikin
fMH_notF,fMH(notF),female ego's mother's husband (not father),Affines,,,varikin
fMMBD,fMMBD,female ego's mother's mother's brother's daughter's,,,,varikin
fMMBS,fMMBS,female ego's mother's mother's brother's son,,,,varikin
fMMZ,fMMZ,female ego's mother's mother's sister,,,,varikin
fMMZD,fMMZD,female ego's mother's mother's sister's daughter,,,,varikin
fMMZDS,fMMZDS,female ego's mother's mother's sister's daughter's son,,,,varikin
fMMZDeD,fMMZDeD,female ego's mother's mother's sister's daughter's elder daughter,,,,varikin
fMMZDyD,fMMZDyD,female ego's mother's mother's sister's daughter's younger daughter,,,,varikin
fMMZS,fMMZS,female ego's mother's mother's sister's son,,,,varikin
fMMZSyD,fMMZSyD,female ego's mother's mother's sister's son's younger daughter,,,,varikin
fMMZSyS,fMMZSyS,female ego's mother's mother's sister's son's younger son,,,,varikin
fMZ,fMZ,female ego's mother's sister,Uncles & Aunts,,,varikin
fMZDD,fMZDD,female ego's mother's sister's daughter's daughter,,,,varikin
fMZDS,fMZDS,female ego's mother's sister's daughter's son,,,,varikin
fMZH,fMZH,female ego's mother's sister's husband,Affines,,,varikin
fMZSD,fMZSD,female ego's mother's sister's son's daughter,,,,varikin
fMZSS,fMZSS,female ego's mother's sister's son's son,,,,varikin
fMZSW,fMZSW,female ego's mother's sister's son's wife,Affines,,,varikin
fP,fP,female ego's parent,,,,varikin
fPP,fPP,female ego's parents' parent,Grandparents & -children,,,varikin
fSSC,fSSC,female ego's son's son's child,Grandparents & -children,,,varikin
fSWF,fSWF,female ego's son's wife's father,Affines,,,varikin
fSWM,fSWM,female ego's son's wife's mother,Affines,,,varikin
fTW,fTW,female ego's twin,Siblings,,,varikin
fW,fW,female ego's wife,Affines,,,varikin
fWB,fWB,female ego's wife's brother,Affines,,,varikin
fWBW,fWBW,female ego's wife's brother's wife,Affines,,,varikin
fWF,fWF,female ego's wife's father,Affines,,,varikin
fWM,fWM,female ego's wife's mother,Affines,,,varikin
fWZ,fWZ,female ego's wife's sister,Affines,,,varikin
fWZH,fWZH,female ego's wife's sister's husband,Affines,,,varikin
fWeZ,fWeZ,female ego's wife's elder sister,Affines,,,varikin
fWyB,fWyB,female ego's wife's younger brother,Affines,,,varikin
fWyZ,fWyZ,female ego's wife's younger sister,Affines,,,varikin
fZ,fZ,female ego's sister,Siblings,,,varikin
fZD,fZD,female ego's sister's daughter,Nieces & Nephews,,,varikin
fZDD,fZDD,female ego's sister's daughter's daughter,,,,varikin
fZDH,fZDH,female ego's sister's daughter's husband,Affines,,,varikin
fZDS,fZDS,female ego's sister's daughter's son,,,,varikin
fZS,fZS,female ego's sister's son,,,,varikin
fZSW,fZSW,female ego's sister's son's wife,Affines,,,varikin
f_co_H,fco-H,female ego's co- husband,Affines,,,varikin
f_co_W,fco-W,female ego's co- wife,Affines,,,varikin
feBW,feBW,female ego's elder brother's wife,Affines,,,varikin
feD,feD,female ego's elder daughter,Siblings,,,varikin
feS,feS,female ego's elder son,Siblings,,,varikin
feZH,feZH,female ego's elder sister's husband,Affines,,,varikin
fyBW,fyBW,female ego's younger brother wife,Affines,,,varikin
fyD,fyD,female ego's younger daughter,Siblings,,,varikin
fyS,fyS,female ego's younger son,Siblings,,,varikin
fySW,fySW,female ego's younger son's wife,Affines,,,varikin
fyZH,fyZH,female ego's younger sister's husband,Affines,,,varikin
m_a_eBD,m(a)eBD,male ego's agnatic elder brother's daughter,Nieces & Nephews,,,varikin
m_a_eBS,m(a)eBS,male ego's agnatic elder brother's son,Nieces & Nephews,,,varikin
m_a_eZD,m(a)eZD,male ego's agnatic elder sister's daughter,Nieces & Nephews,,,varikin
m_a_eZS,m(a)eZS,male ego's agnatic elder sister's son,Nieces & Nephews,,,varikin
m_a_yBD,m(a)yBD,male ego's agnatic younger brother's daughter,Nieces & Nephews,,,varikin
m_a_yBS,m(a)yBS,male ego's agnatic younger brother's son,Nieces & Nephews,,,varikin
m_a_yZD,m(a)yZD,male ego's agnatic younger sister's daughter,Nieces & Nephews,,,varikin
m_a_yZS,m(a)yZS,male ego's agnatic younger sister's son,Nieces & Nephews,,,varikin
m_c_BC,m(c)BC,male ego's cognatic brother's child,Nieces & Nephews,,,varikin
m_c_MeZ,m(c)MeZ,male ego's cognatic mother's elder sister,Uncles & Aunts,,,varikin
m_c_MyZ,m(c)MyZ,male ego's cognatic mother's younger sister,Uncles & Aunts,,,varikin
m_c_ZC,m(c)ZC,male ego's cognatic sister's child,Nieces & Nephews,,,varikin
m_c_eBD,m(c)eBD,male ego's cognatic elder brother's daughter,Nieces & Nephews,,,varikin
m_c_eBS,m(c)eBS,male ego's cognatic elder brother's son,Nieces & Nephews,,,varikin
m_c_eZD,m(c)eZD,male ego's cognatic elder sister's daughter,Nieces & Nephews,,,varikin
m_c_eZS,m(c)eZS,male ego's cognatic elder sister's son,Nieces & Nephews,,,varikin
m_c_yBD,m(c)yBD,male ego's cognatic younger brother's daughter,Nieces & Nephews,,,varikin
m_c_yBS,m(c)yBS,male ego's cognatic younger brother's son,Nieces & Nephews,,,varikin
m_c_yZD,m(c)yZD,male ego's cognatic younger sister's daughter,Nieces & Nephews,,,varikin
m_c_yZS,m(c)yZS,male ego's cognatic younger sister's son,Nieces & Nephews,,,varikin
mA,mA,male ego's ancestor,Grandparents & -children,,,varikin
mB,mB,male ego's brother,Siblings,,,varikin
mBCC,mBCC,male ego's brother's child,Nieces & Nephews,,,varikin
mBD,mBD,male ego's brother's daughter,Nieces & Nephews,,,varikin
mBS,mBS,male ego's brother's son,Nieces & Nephews,,,varikin
mC,mC,male ego's child,Children,,,varikin
mCC,mCC,male ego's child's child,Grandparents & -children,,,varikin
mDHF,mDHF,male ego's daughter's husband's father,Affines,,,varikin
mDHM,mDHM,male ego's daughter's husband's mother,Affines,,,varikin
mE,mE,male ego's spouse,Affines,,,varikin
mFB,mFB,male ego's father's brother,Uncles & Aunts,,,varikin
mFBDD,mFBDD,male ego's father's brother's daughter's daughter,,,,varikin
mFBDS,mFBDS,male ego's father's brother's daughter's son,,,,varikin
mFBSD,mFBSD,male ego's father's brother's son's daughter,,,,varikin
mFBSS,mFBSS,male ego's father's brother's son's son,,,,varikin
mFBW,mFBW,male ego's father's brother's wife,Affines,,,varikin
mFFB,mFFB,male ego's father's father's brother,,,,varikin
mFFBD,mFFBD,male ego's father's father's brother's daughter,,,,varikin
mFFBDeD,mFFBDeD,male ego's father's father's brother's daughter's elder daughter,,,,varikin
mFFBDeS,mFFBDeS,male ego's father's father's brother's daughter's elder son,,,,varikin
mFFBS,mFFBS,male ego's father's father's brother's son,,,,varikin
mFFBSD,mFFBSD,male ego's father's father's brother's son daughter,,,,varikin
mFFBSeS,mFFBSeS,male ego's father's father's brother's son's elder son,,,,varikin
mFFBSyS,mFFBSyS,male ego's father's father's brother's son's younger son,,,,varikin
mFFZ,mFFZ,male ego's father's father's sister,,,,varikin
mFMB,mFMB,male ego's father's mother's brother,,,,varikin
mFMZ,mFMZ,male ego's father's mother's sister,,,,varikin
mFMZD,mFMZD,male ego's father's mother's sister's daughter,,,,varikin
mFMZDeD,mFMZDeD,male ego's father's mother's sister's daughter's elder daughter,,,,varikin
mFMZDeS,mFMZDeS,male ego's father's mother's sister's daughter's elder son,,,,varikin
mFMZS,mFMZS,male ego's father's mother's sister's son,,,,varikin
mFMZSD,mFMZSD,male ego's father's mother's sister's son's daughter,,,,varikin
mFMZSeS,mFMZSeS,male ego's father's mother's sister's son's elder son,,,,varikin
mFMZSyS,mFMZSyS,male ego's father's mother's sister's son's younger son,,,,varikin
mFW_notM,mFW(notM),male ego's father's wife (not mother),Affines,,,varikin
mFZ,mFZ,male ego's father's sister,Uncles & Aunts,,,varikin
mFZDD,mFZDD,male ego's father's sister's daughter's daughter,,,,varikin
mFZDS,mFZDS,male ego's father's sister's daughter's son,,,,varikin
mFZDyD,mFZDyD,male ego's father's sister's daughter's younger daughter,,,,varikin
mFZDyS,mFZDyS,male ego's father's sister's daughter's younger son,,,,varikin
mFZH,mFZH,male ego's father's sister's husband,Affines,,,varikin
mFZSD,mFZSD,male ego's father's sister's son's daughter,,,,varikin
mFZSS,mFZSS,male ego's father's sister's son's son,,,,varikin
mG,mG,male ego's Grandparent,,,,varikin
mH,mH,male ego's husband,Affines,,,varikin
mHB,mHB,male ego's husband's brother,Affines,,,varikin
mHBD,mHBD,male ego's husband's brother's daughter,,,,varikin
mHBS,mHBS,male ego's husband's brother's son,Affines,,,varikin
mHF,mHF,male ego's husband's father,Affines,,,varikin
mHM,mHM,male ego's husband's mother,Affines,,,varikin
mHW,mHW,male ego's husband's wife,Affines,,,varikin
mHZ,mHZ,male ego's husband's sister,Affines,,,varikin
mHZH,mHZH,male ego's husband's sister's husband,Affines,,,varikin
mHeB,mHeB,male ego's husband's elder brother,Affines,,,varikin
mHeBW,mHeBW,male ego's husband's elder brother's wife,Affines,,,varikin
mHyB,mHyB,male ego's husband's younger brother,Affines,,,varikin
mHyBW,mHyBW,male ego's husband's younger brother's wife,Affines,,,varikin
mMB,mMB,male ego's mother's brother,Uncles & Aunts,,,varikin
mMBDD,mMBDD,male ego's mother's brother's daughter's daughter,,,,varikin
mMBDS,mMBDS,male ego's mother's brother's daughter's son,,,,varikin
mMBDyD,mMBDyD,male ego's mother's brother's daughter's younger daughter,,,,varikin
mMBDyS,mMBDyS,male ego's mother's brother's daughter's younger son,,,,varikin
mMBSD,mMBSD,male ego's mother's brother's son's daughter,,,,varikin
mMBSS,mMBSS,male ego's mother's brother's son's son,,,,varikin
mMBW,mMBW,male ego's mother's brother's wife,Affines,,,varikin
mMFB,mMFB,male ego's mother's father's brother,,,,varikin
mMFBD,mMFBD,male ego's mother's father's brother's daughter,,,,varikin
mMFBDD,mMFBDD,male ego's mother's father's brother's daughter's daughter,,,,varikin
mMFBDeS,mMFBDeS,male ego's mother's father's brother's daughter's elder son,,,,varikin
mMFBDyS,mMFBDyS,male ego's mother's father's brother's daughter's younger son,,,,varikin
mMFBS,mMFBS,male ego's mother's father's brother's son,,,,varikin
mMFBSeD,mMFBSeD,male ego's mother's father's brother's son's elder daughter,,,,varikin
mMFBSeS,mMFBSeS,male ego's mother's father's brother's son's elder son,,,,varikin
mMFBSyD,mMFBSyD,male ego's mother's father's brother's son's younger daughter,,,,varikin
mMFBSyS,mMFBSyS,male ego's mother's father's brother's son's younger son,,,,varikin
mMFZ,mMFZ,male ego's mother's father's sister,,,,varikin
mMH_notF,mMH(notF),male ego's mother's husband's (not father),Affines,,,varikin
mMMB,mMMB,male ego's mother's mother's brother,,,,varikin
mMMBD,mMMBD,male ego's mother's mother's brother's daughter,,,,varikin
mMMBS,mMMBS,male ego's mother's mother's brother's son,,,,varikin
mMMZ,mMMZ,male ego's mother's mother's sister,,,,varikin
mMMZD,mMMZD,male ego's mother's mother's sister's daughter,,,,varikin
mMMZDD,mMMZDD,male ego's mother's mother's sister's daughter's daughter,,,,varikin
mMMZDeS,mMMZDeS,male ego's mother's mother's sister's daughter's elder son,,,,varikin
mMMZDyS,mMMZDyS,male ego's mother's mother's sister's daughter's younger son,,,,varikin
mMMZS,mMMZS,male ego's mother's mother's sister's son,,,,varikin
mMMZSeD,mMMZSeD,male ego's mother's mother's sister's son's elder daughter,,,,varikin
mMMZSeS,mMMZSeS,male ego's mother's mother's sister's son's elder son,,,,varikin
mMMZSyD,mMMZSyD,male ego's mother's mother's sister's son's younger daughter,,,,varikin
mMMZSyS,mMMZSyS,male ego's mother's mother's sister's son's younger son,,,,varikin
mMZ,mMZ,male ego's mother's sister,Uncles & Aunts,,,varikin
mMZDD,mMZDD,male ego's mother's sister's daughter's daughter,,,,varikin
mMZDS,mMZDS,male ego's mother's sister's daughter's son,,,,varikin
mMZH,mMZH,male ego's mother's sister's husband,Affines,,,varikin
mMZSD,mMZSD,male ego's mother's sister's son's daughter,,,,varikin
mMZSS,mMZSS,male ego's mother's sister's son's son,,,,varikin
mP,mP,male ego's parent,,,,varikin
mPP,mPP,male ego's parent's parent,,,,varikin
mSWF,mSWF,male ego's son's wife's father,Affines,,,varikin
mSWM,mSWM,male ego's son's wife's mother,Affines,,,varikin
mTW,mTW,male ego's twin,,,,varikin
mWFBD,mWFBD,male ego's wife's father's brother's daughter,Affines,,,varikin
mWFBS,mWFBS,male ego's wife's father's brother's son,Affines,,,varikin
mWFZD,mWFZD,male ego's wife's father's sister's daughter,Affines,,,varikin
mWFZS,mWFZS,male ego's wife's father's sister's son,Affines,,,varikin
mWMZ,mWMZ,male ego's wife's mother's sister,Affines,,,varikin
mWZBD,mWZBD,male ego's wife's sister's brother's daughter,Affines,,,varikin
mWZBS,mWZBS,male ego's wife's sister's brother's son,Affines,,,varikin
mWZD,mWZD,male ego's wife's sister's daughter,Affines,,,varikin
mWZS,mWZS,male ego's wife's sister's son,Affines,,,varikin
mWZZD,mWZZD,male ego's wife's sister's daughter,Affines,,,varikin
mWZZS,mWZZS,male ego's wife's sister's son,,,,varikin
mWeZ,mWeZ,male ego's wife's elder sister,Affines,,,varikin
mWyB,mWyB,male ego's wife's younger brother,Affines,,,varikin
mWyZ,mWyZ,male ego's wife's younger sister,Affines,,,varikin
mZ,mZ,male ego's sister,Siblings,,,varikin
mZD,mZD,male ego's sister's daughter,Nieces & Nephews,,,varikin
mZDD,mZDD,male ego's sister's daughter's daughter,,,,varikin
mZDS,mZDS,male ego's sister's daughter's son,,,,varikin
mZS,mZS,male ego's sister's son,Nieces & Nephews,,,varikin
m_co_H,mco-H,male ego's co- husband,Affines,,,varikin
m_co_W,mco-W,male ego's co- wife,Affines,,,varikin
meBW,meBW,male ego's elder brother's wife,Affines,,,varikin
meD,meD,male ego's elder daughter,Children,,,varikin
meS,meS,male ego's elder son,Children,,,varikin
meZH,meZH,male ego's elder sister's husband,Affines,,,varikin
myBW,myBW,male ego's younger brother's wife,Affines,,,varikin
myD,myD,male ego's younger daughter,Children,,,varikin
myS,myS,male ego's younger son,Children,,,varikin
mySW,mySW,male ego's younger son's wife,Affines,,,varikin
myZH,myZH,male ego's younger sister's husband,Affines,,,varikin
mWMBD,mWMBD,male ego's wife's brother's daughter,Affines,,,varikin
mWMBS,mWMBS,male ego's wife's brother's son,Affines,,,varikin
mWMZD,mWMZD,male ego's wife's mother's sister's daughter,Affines,,,varikin
mWMZS,mWMZS,male ego's wife's mother's sister's son,Affines,,,varikin
mFFZH,mFFZH,male ego's father's father's sister's husband,Affines,,,
mFMZH,mFMZH,male ego's father's mother's sister's husband,Affines,,,
mMFZH,mMFZH,male ego's mother's father's sister's husband,Affines,,,
mMMZH,mMMZH,male ego's mother's mother's sister's husband,Affines,,,
mFMBW,mFMBW,male ego's father's mother's brother's wife,Affines,,,
mFFBW,mFFBW,male ego's father's father's brother's wife,Affines,,,
mMMBW,mMMBW,male ego's mother's mother's brother's wife,Affines,,,
mMFBW,mMFBW,male ego's mother's father's brother's wife,Affines,,,
mWBS,mWBS,male ego's wife's brother's son,Affines,,,
mHZS,mHZS,male ego's husband's sister's son,Affines,,,
mWBD,mWBD,male ego's wife's brother's daughter,Affines,,,
mHZD,mHZD,male ego's husband's sister's daughter,Affines,,,
mBSS,mBSS,male ego's brother's son's son,,,,
mBSD,mBSD,male ego's brother's son's daughter,,,,
mZSS,mZSS,male ego's sister's son's son,,,,
mZSD,mZSD,male ego's sister's son's daughter,,,,
mBDS,mBDS,male ego's brother's daughter's son,,,,
mBDD,mBDD,male ego's brother's daughter's daughter,,,,
mWBSS,mWBSS,male ego's wife's brother's son's son,Affines,,,
mWBSD,mWBSD,male ego's wife's brother's son's daughter,Affines,,,
mWBDS,mWBDS,male ego's wife's brother's daughter's son,Affines,,,
mWBDD,mWBDD,male ego's wife's brother's daughter's daughter,Affines,,,
mWZDS,mWZDS,male ego's wife's sister's daughter's son,Affines,,,
mWZDD,mWZDD,male ego's wife's sister's daughter's daughter,Affines,,,
mHBSS,mHBSS,male ego's husband's brother's son's son,Affines,,,
mHBSD,mHBSD,male ego's husband's brother's son's daughter,Affines,,,
mHZSS,mHZSS,male ego's husband's sister's son's son,Affines,,,
mHZSD,mHZSD,male ego's husband's sister's son's daughter,Affines,,,
mHZDS,mHZDS,male ego's husband's sister's daughter's son,Affines,,,
mHBDD,mHBDD,male ego's husband's brother's daughter's daughter,Affines,,,
mHZDS,mHZDS,male ego's husband's sister's daughter's son,Affines,,,
mHZDD,mHZDD,male ego's husband's sister's daughter's daughter,Affines,,,
mHFBS,mHFBS,male ego's husband's father's brother's son,Affines,,,
mHFBS,mHFBS,male ego's husband's father's brother's son,Affines,,,
mHFBD,mHFBD,male ego's husband's father's brother's daughter,Affines,,,
mHMBD,mHMBD,male ego's husband's mother's brother's daughter,Affines,,,
mHMZS,mHMZS,male ego's husband's mother's sister's son,Affines,,,
mHMZD,mHMZD,male ego's husband's mother's sister's daughter,Affines,,,
mHBW,mHBW,male ego's husband's brother's wife,Affines,,,
fFFB,fFFB,female ego's father's father's brother,,,,
fFFZH,fFFZH,female ego's father's father's sister's husband,Affines,,,
fFMB,fFMB,female ego's father's mother's brother,,,,
fFMZH,fFMZH,female ego's father's mother's sister's husband,Affines,,,
fMFB,fMFB,female ego's mother's father's brother,,,,
fMFZH,fMFZH,female ego's mother's father's sister's husband,Affines,,,
fMMB,fMMB,female ego's mother's mother's brother,,,,
fMMZH,fMMZH,female ego's mother's mother's sister's husband,Affines,,,
fFMZ,fFMZ,female ego's father's mother's sister,,,,
fFMBW,fFMBW,female ego's father's mother's brother's wife,Affines,,,
fFFZ,fFFZ,female ego's father's father's sister,,,,
fFFBW,fFFBW,female ego's father's father's brother's wife,Affines,,,
fMMBW,fMMBW,female ego's mother's mother's brother's wife,Affines,,,
fMFZ,fMFZ,female ego's mother's father's sister,,,,
fMFBW,fMFBW,female ego's mother's father's brother's wife,Affines,,,
fWBS,fWBS,female ego's wife's brother's son,Affines,,,
fWBS,fWBS,female ego's wife's brother's son,Affines,,,
fWZS,fWZS,female ego's wife's sister's son,Affines,,,
fHZS,fHZS,female ego's husband's sister's son,Affines,,,
fWBD,fWBD,female ego's wife's brother's daughter,Affines,,,
fWZD,fWZD,female ego's wife's sister's daughter,Affines,,,
fHZD,fHZD,female ego's husband's sister's daughter,Affines,,,
fBSS,fBSS,female ego's brother's son's son,,,,
fBSD,fBSD,female ego's brother's son's daughter,,,,
fZSS,fZSS,female ego's sister's son's son,,,,
fZSD,fZSD,female ego's sister's son's daughter,,,,
fBDS,fBDS,female ego's brother's daughter's son,,,,
fBDD,fBDD,female ego's brother's daughter's daughter,,,,
fWBSS,fWBSS,female ego's wife's brother's son's son,Affines,,,
fWBSD,fWBSD,female ego's wife's brother's son's daughter,Affines,,,
fWBDS,fWBDS,female ego's wife's brother's daughter's son,Affines,,,
fWBDD,fWBDD,female ego's wife's brother's daughter's daughter,Affines,,,
fWZDS,fWZDS,female ego's wife's sister's daughter's son,Affines,,,
fWZDD,fWZDD,female ego's wife's sister's daughter's daughter,Affines,,,
fHBSS,fHBSS,female ego's husband's brother's son's son,Affines,,,
fHBSS,fHBSS,female ego's husband's brother's son's son,Affines,,,
fHBSD,fHBSD,female ego's husband's brother's son's daughter,Affines,,,
fHZSS,fHZSS,female ego's husband's sister's son's son,Affines,,,
fHZSD,fHZSD,female ego's husband's sister's son's daughter,Affines,,,
fHBDS,fHBDS,female ego's husband's brother's daughter's son,Affines,,,
fHBDD,fHBDD,female ego's husband's brother's daughter's daughter,Affines,,,
fHZDS,fHZDS,female ego's husband's sister's daughter's son,Affines,,,
fHZDD,fHZDD,female ego's husband's sister's daughter's daughter,Affines,,,
fWFBS,fWFBS,female ego's wife's father's brother's son,Affines,,,
fWFBD,fWFBD,female ego's wife's father's brother's daughter,Affines,,,
fWFZS,fWFZS,female ego's wife's father's sister's son,Affines,,,
fWFZD,fWFZD,female ego's wife's father's sister's daughter,Affines,,,
fWMBS,fWMBS,female ego's wife's mother's brother's son,Affines,,,
fWMBD,fWMBD,female ego's wife's mother's brother's daughter,Affines,,,
fWMZS,fWMZS,female ego's wife's mother's sister's son,Affines,,,
fWMZD,fWMZD,female ego's wife's mother's sister's daughter,Affines,,,
fHFBS,fHFBS,female ego's husband's father's brother's son,Affines,,,
fHMBS,fHMBS,female ego's husband's mother's brother's son,Affines,,,
fHMBD,fHMBD,female ego's husband's mother's brother's daughter,Affines,,,
fHMZS,fHMZS,female ego's husband's mother's sister's son,Affines,,,
mWBS,mWBS,male ego's wife's brother's son,Affines,,,
mMAff,mMAff,male ego's male affines,,,,
mFAff,mFAff,male ego's female affines,,,,
fHBSW,fHBSW,female ego's husband's brother's son's wife,Affines,,,
fMAff,fMAff,female ego's male affines,,,,
fFAff,fFAff,female ego's female affines,,,,
meHB,meHB,male ego's elder husband's brother,Affines,,,
myHB,myHB,male ego's younger husband's brother,Affines,,,
meHZ,meHZ,male ego's elder husband's sister,Affines,,,
myHZ,myHZ,male ego's younger husband's sister,Affines,,,
mWSH,mWSH,male ego's wife's son's husband,Affines,,,
feHB,feHB,female ego's elder husband's brother,Affines,,,
fyHB,fyHB,female ego's younger husband's brother,Affines,,,
feHZ,feHZ,female ego's elder husband's sister,Affines,,,
fyHZ,fyHZ,female ego's younger husband's sister,Affines,,,
mHBDS,mHBDS,male ego's husband's brother's daughter's son,Affines,,,
mHMBS,mHMBS,male ego's husband's mother's brother's son,Affines,,,
mWS_notS,mWS(notS),male ego's wife's son (not ego's son),Affines,,,varikin
mWD_notD,mWD(notD),male ego's wife's daughter (not ego's daughter),Affines,,,varikin
fHS_notS,fHS(notS),female ego's husband's son (not ego's son),Affines,,,varikin
fHD_notD,fHD(notD),female ego's husband's daughter (not ego's daughter),Affines,,,varikin
mFFFB,mFFFB,male ego's father's father's father's brother,Uncles & Aunts,,,varikin
mFMFB,mFMFB,male ego's father's mother's father's brother,Uncles & Aunts,,,varikin
mFFMB,mFFMB,male ego's father's father's mother's brother,Uncles & Aunts,,,varikin
mFMMB,mFMMB,male ego's father's mother's mother's brother,Uncles & Aunts,,,varikin
mFFMF,mFFMF,male ego's father's father's mother's father,Grandparents & -children,,,varikin
mFMMF,mFMMF,male ego's father's mother's mother's father,Grandparents & -children,,,varikin
mFMFF,mFMFF,male ego's father's mother's father's father,Grandparents & -children,,,varikin
fFFFB,fFFFB,female ego's father's father's father's brother,Uncles & Aunts,,,varikin
fFMFB,fFMFB,female ego's father's mother's father's brother,Uncles & Aunts,,,varikin
fFFMB,fFFMB,female ego's father's father's mother's brother,Uncles & Aunts,,,varikin
fFMMB,fFMMB,female ego's father's mother's mother's brother,Uncles & Aunts,,,varikin
fFFFF,fFFFF,female ego's father's father's father's father,Grandparents & -children,,,varikin
fFFMF,fFFMF,female ego's father's father's mother's father,Grandparents & -children,,,varikin
fFMMF,fFMMF,female ego's father's mother's mother's father,Grandparents & -children,,,varikin
fFMFF,fFMFF,female ego's father's mother's father's father,Grandparents & -children,,,varikin
mFFFZ,mFFFZ,male ego's father's father's father's sister,Uncles & Aunts,,,varikin
mFMFZ,mFMFZ,male ego's father's mother's father's sister,Uncles & Aunts,,,varikin
mFFMZ,mFFMZ,male ego's father's father's mother's sister,Uncles & Aunts,,,varikin
mFMMZ,mFMMZ,male ego's father's mother's mother's sister,Uncles & Aunts,,,varikin
mFFFM,mFFFM,male ego's father's father's father's mother,Grandparents & -children,,,varikin
mFFMM,mFFMM,male ego's father's father's mother's mother,Grandparents & -children,,,varikin
mFMFM,mFMFM,male ego's father's mother's father's mother,Grandparents & -children,,,varikin
mFMMM,mFMMM,male ego's father's mother's mother's mother,Grandparents & -children,,,varikin
fFFFZ,fFFFZ,female ego's father's father's father's sister,Uncles & Aunts,,,varikin
fFMFZ,fFMFZ,female ego's father's mother's father's sister,Uncles & Aunts,,,varikin
fFFMZ,fFFMZ,female ego's father's father's mother's sister,Uncles & Aunts,,,varikin
fFMMZ,fFMMZ,female ego's father's mother's mother's sister,Uncles & Aunts,,,varikin
fFFFM,fFFFM,female ego's father's father's father's mother,Grandparents & -children,,,varikin
fFFMM,fFFMM,female ego's father's father's mother's mother,Grandparents & -children,,,varikin
fFMFM,fFMFM,female ego's father's mother's father's mother,Grandparents & -children,,,varikin
fFMMM,fFMMM,female ego's father's mother's mother's mother,Grandparents & -children,,,varikin
fHFF,fHFF,female ego's husband's father's father,Affines,,,varikin
fHFFB,fHFFB,female ego's husband's father's father's brother,Affines,,,varikin
fHFMB,fHFMB,female ego's husband's father's mother's brother,Affines,,,varikin
mMMMZD,mMMMZD,male ego's mother's mother's mother's sister's daughter,Cousins,,,varikin
mWFM,mWFM,male ego's wife's father's mother,Affines,,,varikin
mWFFZ,mWFFZ,male ego's wife's father's father's sister,Affines,,,varikin
mWFMZ,mWFMZ,male ego's wife's father's mother's sister,Affines,,,varikin
mFFZS,mFFZS,male ego's father's father's sister's son,Cousins,,,varikin
mMMMZDD,mMMMZDD,male ego's mother's mother's mother's sister's daughter's daughter,Cousins,,,varikin
mFFFZD,mFFFZD,male ego's father's father's father's sister's daughter,Cousins,,,varikin
mFFZSS,mFFZSS,male ego's father's father's sister's son's son,Cousins,,,varikin
mMMZDS,mMMZDS,male ego's mother's mother's sister's daughter's son,Cousins,,,varikin
mehB,mehB,male ego's older half brother,Siblings,,,varikin
fehB,fehB,female ego's older half brother,Siblings,,,varikin
mehZ,mehZ,male ego's older half sister,Siblings,,,varikin
fehZ,fehZ,female ego's older half sister,Siblings,,,varikin
myhB,myhB,male ego's younger half brother,Siblings,,,varikin
fyhB,fyhB,female ego's younger half brother,Siblings,,,varikin
myhZ,myhZ,male ego's younger half sister,Siblings,,,varikin
fyhZ,fyhZ,female ego's younger half sister,Siblings,,,varikin
mFFZSDeD,mFFZSDeD,male ego's father's father's sister's son's daughter's older daughter,Cousins,,,varikin
mMMZDeD,mMMZDeD,male ego's mother's mother's sister's daughter's older daughter,Cousins,,,varikin
mFFZSyS,mFFZSyS,male ego's father's father's sister's son's younger son,Cousins,,,varikin
mMMZDyS,mMMZDyS,male ego's mother's mother's sister's daughter's younger son,Cousins,,,varikin
mFFZSyD,mFFZSyD,male ego's father's father's sister's son's younger daughter,Cousins,,,varikin
mMMZDyD,mMMZDyD,male ego's mother's mother's sister's daughter's younger daughter,Cousins,,,varikin
mFFZDS,mFFZDS,male ego's father's father's sister's daughter's son,Cousins,,,varikin
mMMZSS,mMMZSS,male ego's mother's mother's sister's son's son,Cousins,,,varikin
mFFZDD,mFFZDD,male ego's father's father's sister's daughter's daughter,Cousins,,,varikin
mMMZSD,mMMZSD,male ego's mother's mother's sister's son's daughter,Cousins,,,varikin
mFBDH,mFBDH,male ego's father's brother's daughter's husband,Affines,,,varikin
mFZDH,mFZDH,male ego's father's sister's daughter's husband,Affines,,,varikin
mMBDH,mMBDH,male ego's mother's brother's daughter's husband,Affines,,,varikin
mMZDH,mMZDH,male ego's mother's sister's daughter's husband,Affines,,,varikin
fFBDH,fFBDH,female ego's father's brother's daughter's husband,Affines,,,varikin
fFZDH,fFZDH,female ego's father's sister's daughter's husband,Affines,,,varikin
fMBDH,fMBDH,female ego's mother's brother's daughter's husband,Affines,,,varikin
fMZDH,fMZDH,female ego's mother's sister's daughter's husband,Affines,,,varikin
mFBSW,mFBSW,male ego's father's brother's son's wife,Affines,,,varikin
mFZSW,mFZSW,male ego's father's sister's son's wife,Affines,,,varikin
mMZSW,mMZSW,male ego's mother's sister's son's wife,Affines,,,varikin
mMBSW,mMBSW,male ego's mother's brother's son's wife,Affines,,,varikin
fFZSW,fFZSW,female ego's father's sister's son's wife,Affines,,,varikin
fMBSW,fMBSW,female ego's mother's brother's son's wife,Affines,,,varikin
mZDH,mZDH,male ego's sister's daughter's husband,Affines,,,varikin
mBDH,mBDH,male ego's brother's daughter's husband,Affines,,,varikin
fBDH,fBDH,female ego's brother's daughter's husband,Affines,,,varikin
mZSW,mZSW,male ego's sister's son's wife,Affines,,,varikin
mBSW,mBSW,male ego's brother's son's wife,Affines,,,varikin
fBSW,fBSW,female ego's brother's son's wife,Affines,,,varikin
fZCC,fZCC,female ego's sister's child's child,Nieces & Nephews,,,varikin
mZCC,mZCC,male ego's sister's child's child,Nieces & Nephews,,,varikin
mFBCCC,mFBCCC,male ego's father's brother's child's child's child,Cousins,,,varikin
mFZCCC,mFZCCC,male ego's father's sister's child's child's child,Cousins,,,varikin
mMZCCC,mMZCCC,male ego's mother's sister's child's child's child,Cousins,,,varikin
fFBCCC,fFBCCC,female ego's father's brother's child's child's child,Cousins,,,varikin
fFZCCC,fFZCCC,female ego's father's sister's child's child's child,Cousins,,,varikin
fMZCCC,fMZCCC,female ego's mother's sister's child's child's child,Cousins,,,varikin
mCCC,mCCC,male ego's child's child's child,Grandparents & -children,,,varikin
mCCCC,mCCCC,male ego's child's child's child's child,Grandparents & -children,,,varikin
fCCC,fCCC,female ego's child's child's child,Grandparents & -children,,,varikin
fCCCC,fCCCC,female ego's child's child's child's child,Grandparents & -children,,,varikin
mBCCC,mBCCC,male ego's brother's child's child's child,Nieces & Nephews,,,varikin
mZCCC,mZCCC,male ego's sister's child's child's child,Nieces & Nephews,,,varikin
fBCCC,fBCCC,female ego's brother's child's child's child,Nieces & Nephews,,,varikin
fZCCC,fZCCC,female ego's sister's child's child's child,Nieces & Nephews,,,varikin
mFBCCCC,mFBCCCC,male ego's father's brother's child's child's child's child,Cousins,,,varikin
mFZCCCC,mFZCCCC,male ego's father's sister's child's child's child's child,Cousins,,,varikin
mMBCCCC,mMBCCCC,male ego's mother's brother's child's child's child's child,Cousins,,,varikin
mMZCCCC,mMZCCCC,male ego's mother's sister's child's child's child's child,Cousins,,,varikin
fFBCCCC,fFBCCCC,female ego's father's brother's child's child's child's child,Cousins,,,varikin
fFZCCCC,fFZCCCC,female ego's father's sister's child's child's child's child,Cousins,,,varikin
fMBCCCC,fMBCCCC,female ego's mother's brother's child's child's child's child,Cousins,,,varikin
fMZCCCC,fMZCCCC,female ego's mother's sister's child's child's child's child,Cousins,,,varikin
mSSW,mSSW,male ego's son's son's wife,Affines,,,varikin
mSDH,mSDH,male ego's son's daughter's husband,Affines,,,varikin
mDSW,mDSW,male ego's daughter's son's wife,Affines,,,varikin
mDDH,mDDH,male ego's daughter's daughter's husband,Affines,,,varikin
fSSW,fSSW,female ego's son's son's wife,Affines,,,varikin
fSDH,fSDH,female ego's son's daughter's husband,Affines,,,varikin
fDSW,fDSW,female ego's daughter's son's wife,Affines,,,varikin
fDDH,fDDH,female ego's daughter's daughter's husband,Affines,,,varikin
mFFZD,mFFZD,male ego's father's father's sister's daughter,Cousins,,,varikin
mPPP,mPPP,male ego's parent's parent's parent,Grandparents & -children,,,varikin
fPPP,fPPP,female ego's parent's parent's parent,Grandparents & -children,,,varikin
mMMZDH,mMMZDH,male ego's mother's mother's sister's daughter's husband,Affines,,,varikin
mFFFBSS,mFFFBSS,male ego's father's father's father's brother's son's son,Cousins,,,varikin
mFMBS,mFMBS,male ego's father's mother's brother's son,Cousins,,,varikin
fFFBS,fFFBS,female ego's father's father's brother's son,Cousins,,,varikin
fFMZS,fFMZS,female ego's father's mother's sister's son,Cousins,,,varikin
fMMZDH,fMMZDH,female ego's mother's mother's sister's daughter's husband,Affines,,,varikin
fFFFBSS,fFFFBSS,female ego's father's father's father's brother's son's son,Cousins,,,varikin
fFMBS,fFMBS,female ego's father's mother's brother's son,Cousins,,,varikin
fFFZS,fFFZS,female ego's father's father's sister's son,Cousins,,,varikin
mFFBSW,mFFBSW,male ego's father's father's brother's son's wife,Affines,,,varikin
mMFFBSD,mMFFBSD,male ego's mother's father's father's brother's son's daughter,Affines,,,varikin
mMFZD,mMFZD,male ego's mother's father's sister's daughter,Cousins,,,varikin
fMFBD,fMFBD,female ego's mother's father's brother's daughter,Cousins,,,varikin
fFFBSW,fFFBSW,female ego's father's father's brother's son's wife,Affines,,,varikin
fMFFBSD,fMFFBSD,female ego's mother's father's father's brother's son's daughter,Cousins,,,varikin
fMFZD,fMFZD,female ego's mother's father's sister's daughter,Cousins,,,varikin
mFFBDH,mFFBDH,male ego's father's father's brother's daughter's husband,Affines,,,varikin
mFMZDH,mFMZDH,male ego's father's mother's sister's daughter's husband,Affines,,,varikin
mMFZS,mMFZS,male ego's mother's father's sister's son,Cousins,,,varikin
mFMBDH,mFMBDH,male ego's father's mother's brother's daughter's husband,Affines,,,varikin
mFFZDH,mFFZDH,male ego's father's father's sister's daughter's husband,Affines,,,varikin
mWMB,mWMB,male ego's wife's mother's brother,Affines,,,varikin
mWFZH,mWFZH,male ego's wife's father's sister's husband,Affines,,,varikin
fMFBS,fMFBS,female ego's mother's father's brother's son,Cousins,,,varikin
fFFBDH,fFFBDH,female ego's father's father's brother's daughter's husband,Affines,,,varikin
fFMZDH,fFMZDH,female ego's father's mother's sister's daughter's husband,Affines,,,varikin
fMFZS,fMFZS,female ego's mother's father's sister's son,Cousins,,,varikin
fFMBDH,fFMBDH,female ego's father's mother's brother's daughter's husband,Affines,,,varikin
fFFZDH,fFFZDH,female ego's father's father's sister's daughter's husband,Affines,,,varikin
fHMB,fHMB,female ego's husband's mother's brother,Affines,,,varikin
fHFZH,fHFZH,female ego's husband's father's sister's husband,Affines,,,varikin
mMFBSW,mMFBSW,male ego's mother's father's brother's son's wife,Affines,,,varikin
mMMZSW,mMMZSW,male ego's mother's mother's sister's son's wife,Affines,,,varikin
mFMBD,mFMBD,male ego's father's mother's brother's daughter,Cousins,,,varikin
mMFZSW,mMFZSW,male ego's mother's father's sister's son's wife,Affines,,,varikin
mMMBSW,mMMBSW,male ego's mother's mother's brother's son's wife,Affines,,,varikin
fFFBD,fFFBD,female ego's father's father's brother's daughter,Cousins,,,varikin
fFMZD,fFMZD,female ego's father's mother's sister's daughter,Cousins,,,varikin
fMFBSW,fMFBSW,female ego's mother's father's brother's sister's wife,Affines,,,varikin
fMMZSW,fMMZSW,female ego's mother's mother's sister's son's wife,Affines,,,varikin
fFFZD,fFFZD,female ego's father's father's sister's daughter,Cousins,,,varikin
fFMBD,fFMBD,female ego's father's mother's brother's daughter,Cousins,,,varikin
fMFZSW,fMFZSW,female ego's mother's father's sister's son's wife,Affines,,,varikin
fMMBSW,fMMBSW,female ego's mother's mother's brother's son's wife,Affines,,,varikin
mWFZ,mWFZ,male ego's wife's father's sister,Affines,,,varikin
mWMBW,mWMBW,male ego's wife's mother's brother's wife,Affines,,,varikin
fHFZ,fHFZ,female ego's husband's father's sister,Affines,,,varikin
fHMBW,fHMBW,female ego's husband's mother's brother's wife,Affines,,,varikin
mEFB,mEFB,male ego's spouse's father's brother,Affines,,,varikin
mEMZH,mEMZH,male ego's spouse's mother's sister's husband,Affines,,,varikin
fEFB,fEFB,female ego's spouse's father's brother,Affines,,,varikin
fEMZH,fEMZH,female ego's spouse's mother's sister's husband,Affines,,,varikin
mEMZ,mEMZ,male ego's spouse's mother's sister,Affines,,,varikin
mEFBW,mEFBW,male ego's spouse's father's brother's wife,Affines,,,varikin
fEMZ,fEMZ,female ego's spouse's mother's sister,Affines,,,varikin
fEFBW,fEFBW,female ego's spouse's father's brother's wife,Affines,,,varikin
mMMZDSS,mMMZDSS,male ego's mother's mother's sister's daughter's son's son,Cousins,,,varikin
fMMZDDS,fMMZDDS,female ego's mother's mother's sister's daughter's daughter's son,Cousins,,,varikin
mMMZDSD,mMMZDSD,male ego's mother's mother's sister's daughter's son's daughter,Cousins,,,varikin
fMMZDDD,fMMZDDD,female ego's mother's mother's sister's daughter's daughter's daughter,Cousins,,,varikin
mWBC,mWBC,male ego's wife's brother's child,Affines,,,varikin
fHZC,fHZC,female ego's husband's sister's child,Affines,,,varikin
mMZDC,mMZDC,male ego's father's brother's daughter's son,Cousins,,,varikin
fFBC,fFBC,male ego's mother's sister's daughter's child,Cousins,,,varikin
fFBSC,fFBSC,female ego's father's brother's child,Cousins,,,varikin
mZCE,mZCE,female ego's father's brother's son's child,Affines,,,varikin
fBCE,fBCE,male ego's sister's child's spouse,Affines,,,varikin
mFZDC,mFZDC,female ego's brother's child's spouse,Cousins,,,varikin
mMBDC,mMBDC,male ego's father's sister's daughter's child,Cousins,,,varikin
fFZSC,fFZSC,male ego's mother's brother's daughter's child,Cousins,,,varikin
fMBSC,fMBSC,female ego's father's sister's sister's child,Cousins,,,varikin
mWZDH,mWZDH,male ego's wife's sister's daughter's husband,Affines,,,varikin
fHBDH,fHBDH,female ego's husband's brother's daughter's husband,Affines,,,varikin
mFBSDH,mFBSDH,male ego's father's brother's son's daughter's husband,Affines,,,varikin
fFBDDH,fFBDDH,female ego's father's brother's daughter's daughter's husband,Affines,,,varikin
mWZSW,mWZSW,male ego's wife's sister's son's wife,Affines,,,varikin
mFBSSW,mFBSSW,male ego's father's brother's son's son's wife,Affines,,,varikin
fFBDSW,fFBDSW,female ego's father's brother's daughter's son's wife,Affines,,,varikin
mFWS_notBorhB,mFWS(not B or hB),male ego's father's wife's son that is not a brother or half brother.,Affines,,,varikin
mMHS_notBorhB,mMHS(not B or hB),male ego's mother's husband's son that is not a brother or half brother.,Affines,,,varikin
fFWD_notZorhZ,fFWD(not Z or hZ),female ego's father's wife's daughter that is not a sister or half sister,Affines,,,varikin
fMHD_notZorhZ,fMHD(not Z or hZ),female ego's mother's husband's daughter that is not a sister or half sister,Affines,,,varikin
mFFBSS,mFFBSS,male ego's father's father's brother's son's son,Cousins,,,varikin
fFFBSD,fFFBSD,female ego's father's father's brother's son's daughter,Cousins,,,varikin
fFWS_notBorhB,fFWS(not B or hB),female ego's father's wife's son that is not a brother or half brother.,Affines,,,varikin
fMHS_notBorhB,fMHS(not B or hB),female ego's mother's husband's son that is not a brother or half brother.,Affines,,,varikin
mFWD_notZorhZ,mFWD(not Z or hZ),male ego's father's wife's daughter that is not a sister or half sister,Affines,,,varikin
mMHD_notZorhZ,mMHD(not Z or hZ),male ego's mother's husband's daughter that is not a sister or half sister,Affines,,,varikin
mEGE,mEGE,male ego's spouse's sibling's spouse,Affines,,,varikin
fEGE,fEGE,female ego's spouse's sibling's spouse,Affines,,,varikin
fCEFB,fCEFB,female ego's child's spouse's father's brother,Affines,,,varikin
mCEFB,mCEFB,male ego's child's spouse's father's brother,Affines,,,varikin
fCEMZH,fCEMZH,female ego's child's spouse's mother's sister's husband,Affines,,,varikin
mCEMZH,mCEMZH,male ego's child's spouse's mother's sister's husband,Affines,,,varikin
fCEMZ,fCEMZ,female ego's child's spouse's mother's sister,Affines,,,varikin
mCEMZ,mCEMZ,male ego's child's spouse's mother's sister,Affines,,,varikin
fCEFBW,fCEFBW,female ego's child's spouse's father's brother's wife,Affines,,,varikin
mCEFBW,mCEFBW,male ego's child's spouse's father's brother's wife,Affines,,,varikin
mCEFBW,mCEFBW,male ego's child's spouse's father's brother's wife,Affines,,,varikin
mhB,mhB,male ego's half brother,Siblings,,,varikin
fhZ,fhZ,female ego's half sister,Siblings,,,varikin
fhB,fhB,female ego's half brother,Siblings,,,varikin
mhB_FS,mhB_FS,male speaker's paternal half brother,Siblings,,,varikin
mhZ_FD,mhZ_FD,male speaker's paternal half sister,Siblings,,,varikin
mhB_MS,mhB_MS,male speaker's maternal half brother,Siblings,,,varikin
mhZ_MD,mhZ_MD,male speaker's maternal half sister,Siblings,,,varikin
fhB_FS,fhB_FS,female speaker's paternal half brother,Siblings,,,varikin
fhZ_FD,fhZ_FD,female speaker's paternal half sister,Siblings,,,varikin
fhB_MS,fhB_MS,female speaker's maternal half brother,Siblings,,,varikin
fhZ_MD,fhZ_MD,female speaker's maternal half sister,Siblings,,,varikin
meG,meG,male speaker's elder sibling,Siblings,,,varikin
feG,feG,female speaker's elder sibling,Siblings,,,varikin
myyG,myyG,"male speaker's younger younger sibing, i.e. last born",Siblings,,,varikin
fyyG,fyyG,"female speaker's younger younger sibing, i.e. last born",Siblings,,,varikin
meW,meW,"male speaker's elder wife, i.e. his first wife because elder refers to the length of marriage in this context, rather than spousal age",Affines,,,varikin
myW,myW,"male speaker's younger wife, i.e. any wife married after the first one because younger refers to the length of marriage in this context, rather than spousal age",Affines,,,varikin
mWeB,mWeB,male speaker's wife's elder brother,Affines,,,varikin
fHyZ,fHyZ,female speaker's husband's younger sister,Affines,,,varikin
fHeZ,fHeZ,female speaker's husband's elder sister,Affines,,,varikin
mMeZH,mMeZH,male speaker's mother's elder sister's husband,Affines,,,varikin
fMeZH,fMeZH,female speaker's mother's elder sister's husband,Affines,,,varikin
mMyZH,mMyZH,male speaker's mother's younger sister's husband,Affines,,,varikin
fMyZH,fMyZH,female speaker's mother's younger sister's husband,Affines,,,varikin
mFyBW,mFyBW,male speaker's father's younger brother's wife,Affines,,,varikin
fFyBW,fFyBW,female speaker's father's younger brother's wife,Affines,,,varikin
mWFFB,mWFFB,male speaker's wife's father's father's brother,Affines,,,varikin
mWFFZH,mWFFZH,male speaker's wife's father's father's sister's husband,Affines,,,varikin
mWFMB,mWFMB,male speaker's wife's father's mother's brother,Affines,,,varikin
mWFMZH,mWFMZH,male speaker's wife's father's mother's sister's husband,Affines,,,varikin
mWMFB,mWMFB,male speaker's wife's mother's father's brother,Affines,,,varikin
mWMFZH,mWMFZH,male speaker's wife's mother's father's sister's husband,Affines,,,varikin
mWMMB,mWMMB,male speaker's wife's mother's mother's brother,Affines,,,varikin
mWMMZH,mWMMZH,male speaker's wife's mother's mother's sister's husband,Affines,,,varikin
fHFFZH,fHFFZH,female speaker's husband's father's father's sister's husband,Affines,,,varikin
fHFMZH,fHFMZH,female speaker's husband's father's mother's sister's husband,Affines,,,varikin
fHMFB,fHMFB,female speaker's husband's mother's father's brother,Affines,,,varikin
fHMFZH,fHMFZH,female speaker's husband's mother's father's sister's husband,Affines,,,varikin
fHMMB,fHMMB,female speaker's husband's mother's mother's brother,Affines,,,varikin
fHMMZH,fHMMZH,female speaker's husband's mother's mother's sister's husband,Affines,,,varikin
mWFFBW,mWFFBW,male speaker's wife's father's father's brother's wife,Affines,,,varikin
mWFMBW,mWFMBW,male speaker's wife's father's mother's brother's wife,Affines,,,varikin
mWMFBW,mWMFBW,male speaker's wife's mother's father's brother's wife,Affines,,,varikin
mWMFZ,mWMFZ,male speaker's wife's mother's father's sister,Affines,,,varikin
mWMMBW,mWMMBW,male speaker's wife's mother's mother's brother's wife,Affines,,,varikin
mWMMZ,mWMMZ,male speaker's wife's mother's mother's sister,Affines,,,varikin
fHFFBW,fHFFBW,female speaker's husband's father's father's brother's wife,Affines,,,varikin
fHFFZ,fHFFZ,female speaker's husband's father's father's sister,Affines,,,varikin
fHFMBW,fHFMBW,female speaker's husband's father's mother's brother's wife,Affines,,,varikin
fHFMZ,fHFMZ,female speaker's husband's father's mother's sister,Affines,,,varikin
fHMFBW,fHMFBW,female speaker's husband's mother's father's brother's wife,Affines,,,varikin
fHMFZ,fHMFZ,female speaker's husband's mother's father's sister,Affines,,,varikin
fHMMBW,fHMMBW,female speaker's husband's mother's mother's brother's wife,Affines,,,varikin
fHMMZ,fHMMZ,female speaker's husband's mother's mother's sister,Affines,,,varikin
mFFeBS,mFFeBS,male speaker's father's father's elder brother's son,Cousins,,,varikin
mFFyBS,mFFyBS,male speaker's father's father's younger brother's son,Cousins,,,varikin
mFFeZS,mFFeZS,male speaker's father's father's elder sister's son,Cousins,,,varikin
mFFyZS,mFFyZS,male speaker's father's father's younger sister's son,Cousins,,,varikin
mFMeBS,mFMeBS,male speaker's father's mother's elder brother's son,Cousins,,,varikin
mFMyBS,mFMyBS,male speaker's father's mother's younger brother's son,Cousins,,,varikin
mFMeZS,mFMeZS,male speaker's father's mother's elder sister's son,Cousins,,,varikin
mFMyZS,mFMyZS,male speaker's father's mother's younger sister's son,Cousins,,,varikin
fFFeBS,fFFeBS,female speaker's father's father's elder brother's son,Cousins,,,varikin
fFFyBS,fFFyBS,female speaker's father's father's younger brother's son,Cousins,,,varikin
fFFeZS,fFFeZS,female speaker's father's father's elder sister's son,Cousins,,,varikin
fFFyZS,fFFyZS,female speaker's father's father's younger sister's son,Cousins,,,varikin
fFMeBS,fFMeBS,female speaker's father's mother's elder brother's son,Cousins,,,varikin
fFMyBS,fFMyBS,female speaker's father's mother's younger brother's son,Cousins,,,varikin
fFMeZS,fFMeZS,female speaker's father's mother's elder sister's son,Cousins,,,varikin
fFMyZS,fFMyZS,female speaker's father's mother's younger sister's son,Cousins,,,varikin
mMFBDH,mMFBDH,male speaker's mother's father's brother's daughter's husband,Affines,,,varikin
mMMBDH,mMMBDH,male speaker's mother's mother's brother's daughter's husband,Affines,,,varikin
mMFZDH,mMFZDH,male speaker's mother's father's sister's daughter's husband,Affines,,,varikin
mMMZDH,mMMZDH,male speaker's mother's mother's sister's daughter's husband,Affines,,,varikin
fMFBDH,fMFBDH,female speaker's mother's father's brother's daughter's husband,Affines,,,varikin
fMMBDH,fMMBDH,female speaker's mother's mother's brother's daughter's husband,Affines,,,varikin
fMFZDH,fMFZDH,female speaker's mother's father's sister's daughter's husband,Affines,,,varikin
fMMZDH,fMMZDH,female speaker's mother's mother's sister's daughter's husband,Affines,,,varikin
mFFeBSW,mFFeBSW,male speaker's father's father's elder brother's son's wife,Affines,,,varikin
mFFyBSW,mFFyBSW,male speaker's father's father's younger brother's son's wife,Affines,,,varikin
mFFeZSW,mFFeZSW,male speaker's father's father's elder sister's son's wife,Affines,,,varikin
mFFyZSW,mFFyZSW,male speaker's father's father's younger sister's son's wife,Affines,,,varikin
mFMeBSW,mFMeBSW,male speaker's father's mother's elder brother's son's wife,Affines,,,varikin
mFMyBSW,mFMyBSW,male speaker's father's mother's younger brother's son's wife,Affines,,,varikin
mFMeZSW,mFMeZSW,male speaker's father's mother's elder sister's son's wife,Affines,,,varikin
mFMyZSW,mFMyZSW,male speaker's father's mother's younger sister's son's wife,Affines,,,varikin
fFFeBSW,fFFeBSW,female speaker's father's father's elder brother's son's wife,Affines,,,varikin
fFFyBSW,fFFyBSW,female speaker's father's father's younger brother's son's wife,Affines,,,varikin
fFFeZSW,fFFeZSW,female speaker's father's father's elder sister's son's wife,Affines,,,varikin
fFFyZSW,fFFyZSW,female speaker's father's father's younger sister's son's wife,Affines,,,varikin
fFMeBSW,fFMeBSW,female speaker's father's mother's elder brother's son's wife,Affines,,,varikin
fFMyBSW,fFMyBSW,female speaker's father's mother's younger brother's son's wife,Affines,,,varikin
fFMeZSW,fFMeZSW,female speaker's father's mother's elder sister's son's wife,Affines,,,varikin
fFMyZSW,fFMyZSW,female speaker's father's mother's younger sister's son's wife,Affines,,,varikin
mFBWB,mFBWB,male speaker's father's brother's wife's brother,Affines,,,varikin
fFBWB,fFBWB,female speaker's father's brother's wife's brother,Affines,,,varikin
mFBWBW,mFBWBW,female speaker's father's brother's wife's brother's wife,Affines,,,varikin
fFBWBW,fFBWBW,female speaker's father's brother's wife's brother's wife,Affines,,,varikin
fHFB,fHFB,female speaker's husband's father's brother,Affines,,,varikin
mWFB,mWFB,male speaker's wife's father's brother,Affines,,,varikin
fHMZH,fHMZH,female speaker's husband's mother's sister's husband,Affines,,,varikin
mWMZH,mWMZH,male speaker's wife's mother's sister's husband,Affines,,,varikin
mZHF,mZHF,male speaker's sister's husband's father,Affines,,,varikin
mZHFB,mZHFB,male speaker's sister's husband's father's brother,Affines,,,varikin
mBWF,mBWF,male speaker's brother's wife's father,Affines,,,varikin
fZHF,fZHF,female speaker's sister's husband's father,Affines,,,varikin
fZHFB,fZHFB,female speaker's sister's husband's father's brother,Affines,,,varikin
fBWF,fBWF,female speaker's brother's wife's father,Affines,,,varikin
fHFBW,fHFBW,female speaker's husband's father's brother's wife,Affines,,,varikin
mWFBW,mWFBW,male speaker's wife's father's brother's wife,Affines,,,varikin
mZHFBW,mZHFBW,male speaker's sister's husband's father's brother's wife,Affines,,,varikin
fZHFBW,fZHFBW,female speaker's sister's husband's father's brother's wife,Affines,,,varikin
fBWB,fBWB,female speaker's brother's wife's brother,Affines,,,varikin
mZHB,mZHB,male speaker's sister's husband's brother,Affines,,,varikin
fZHB,fZHB,female speaker's sister's husband's brother,Affines,,,varikin
mWeBW,mWeBW,male speaker's wife's elder brother's wife,Affines,,,varikin
mWyBW,mWyBW,male speaker's wife's younger brother's wife,Affines,,,varikin
mWBSW,mWBSW,male speaker's wife's brother's son's wife,Affines,,,varikin
mWFBSW,mWFBSW,male speaker's wife's father's brother's son's wife,Affines,,,varikin
mWMBSW,mWMBSW,male speaker's wife's mother's brother's son's wife,Affines,,,varikin
mWFZSW,mWFZSW,male speaker's wife's father's sister's son's wife,Affines,,,varikin
mWMZSW,mWMZSW,male speaker's wife's mother's sister's son's wife,Affines,,,varikin
mZHZ,mZHZ,male speaker's sister's husband's sister,Affines,,,varikin
fZHZ,fZHZ,female speaker's sister's husband's sister,Affines,,,varikin
mWeZH,mWeZH,male speaker's wife's elder sister's husband,Affines,,,varikin
mWyZH,mWyZH,male speaker's wife's younger sister's husband,Affines,,,varikin
mZHZH,mZHZH,male speaker's sister's husband's sister's husband,Affines,,,varikin
fZHZH,fZHZH,female speaker's sister's husband's sister's husband,Affines,,,varikin
fHFZS,fHFZS,female speaker's husband's father's sister's son,Affines,,,varikin
fHFBSW,fHFBSW,female speaker's husband's father's brother's son's wife,Affines,,,varikin
fHMBSW,fHMBSW,female speaker's husband's mother's brother's son's wife,Affines,,,varikin
fHFZSW,fHFZSW,female speaker's husband's mother's brother's son's wife,Affines,,,varikin
fHMZSW,fHMZSW,female speaker's husband's father's sister's son's wife,Affines,,,varikin
fHFZD,fHFZD,female speaker's husband's father's sister's daughter,Affines,,,varikin
fHeZH,fHeZH,female speaker's husband's elder sister's husband,Affines,,,varikin
fHyZH,fHyZH,female speaker's husband's younger sister's husband,Affines,,,varikin
mBWM,mBWM,male speaker's brother's wife's mother,Affines,,,varikin
fBWM,fBWM,female speaker's brother's wife's mother,Affines,,,varikin
mZHM,mZHM,male speaker's sister's husband's mother,Affines,,,varikin
fZHM,fZHM,female speaker's sister's husband's mother,Affines,,,varikin
fSWB,fSWB,female speaker's son's wife's brother,Affines,,,varikin
mSWB,mSWB,male speaker's son's wife's brother,Affines,,,varikin
fDHB,fDHB,female speaker's daughter's husband's brother,Affines,,,varikin
mDHB,mDHB,male speaker's daughter's husband's brother,Affines,,,varikin
fyZHB,fyZHB,female speaker's younger sister's husband's brother,Affines,,,varikin
myZHB,myZHB,male speaker's younger sister's husband's brother,Affines,,,varikin
fSWZ,fSWZ,female speaker's son's wife's sister,Affines,,,varikin
mSWZ,mSWZ,male speaker's son's wife's sister,Affines,,,varikin
fDHZ,fDHZ,female speaker's daughter's husband's sister,Affines,,,varikin
mDHZ,mDHZ,male speaker's daughter's husband's sister,Affines,,,varikin
